{
  "openapi": "3.0.2",
  "info": {
    "title": "Service for namespace CatalogService",
    "description": "This service is located at [/browse/](/browse/)",
    "version": ""
  },
  "servers": [
    {
      "url": "/browse"
    }
  ],
  "tags": [
    {
      "name": "Books"
    },
    {
      "name": "Currencies"
    },
    {
      "name": "Genres"
    },
    {
      "name": "Books_texts"
    },
    {
      "name": "Currencies_texts"
    },
    {
      "name": "Genres_texts"
    }
  ],
  "paths": {
    "/Books": {
      "get": {
        "summary": "Retrieve a list of books.",
        "tags": [
          "Books"
        ],
        "parameters": [
          {
            "$ref": "#/components/parameters/top"
          },
          {
            "$ref": "#/components/parameters/skip"
          },
          {
            "$ref": "#/components/parameters/search"
          },
          {
            "name": "$filter",
            "description": "Filter items by property values, see [Filtering](http://docs.oasis-open.org/odata/odata/v4.01/odata-v4.01-part1-protocol.html#sec_SystemQueryOptionfilter)",
            "in": "query",
            "schema": {
              "type": "string"
            }
          },
          {
            "$ref": "#/components/parameters/count"
          },
          {
            "name": "$orderby",
            "description": "Order items by property values, see [Sorting](http://docs.oasis-open.org/odata/odata/v4.01/odata-v4.01-part1-protocol.html#sec_SystemQueryOptionorderby)",
            "in": "query",
            "explode": false,
            "schema": {
              "type": "array",
              "uniqueItems": true,
              "items": {
                "type": "string",
                "enum": [
                  "createdAt",
                  "createdAt desc",
                  "modifiedAt",
                  "modifiedAt desc",
                  "ID",
                  "ID desc",
                  "title",
                  "title desc",
                  "descr",
                  "descr desc",
                  "author",
                  "author desc",
                  "genre_ID",
                  "genre_ID desc",
                  "stock",
                  "stock desc",
                  "price",
                  "price desc",
                  "currency_code",
                  "currency_code desc"
                ]
              }
            }
          },
          {
            "name": "$select",
            "description": "Select properties to be returned, see [Select](http://docs.oasis-open.org/odata/odata/v4.01/odata-v4.01-part1-protocol.html#sec_SystemQueryOptionselect)",
            "in": "query",
            "explode": false,
            "schema": {
              "type": "array",
              "uniqueItems": true,
              "items": {
                "type": "string",
                "enum": [
                  "createdAt",
                  "modifiedAt",
                  "ID",
                  "title",
                  "descr",
                  "author",
                  "genre_ID",
                  "stock",
                  "price",
                  "currency_code"
                ]
              }
            }
          },
          {
            "name": "$expand",
            "description": "Expand related entities, see [Expand](http://docs.oasis-open.org/odata/odata/v4.01/odata-v4.01-part1-protocol.html#sec_SystemQueryOptionexpand)",
            "in": "query",
            "explode": false,
            "schema": {
              "type": "array",
              "uniqueItems": true,
              "items": {
                "type": "string",
                "enum": [
                  "*",
                  "genre",
                  "currency",
                  "texts",
                  "localized"
                ]
              }
            }
          }
        ],
        "responses": {
          "200": {
            "description": "Retrieved books",
            "content": {
              "application/json": {
                "schema": {
                  "type": "object",
                  "title": "Collection of Books",
                  "properties": {
                    "@odata.count": {
                      "$ref": "#/components/schemas/count"
                    },
                    "value": {
                      "type": "array",
                      "items": {
                        "$ref": "#/components/schemas/CatalogService.Books"
                      }
                    }
                  }
                }
              }
            }
          },
          "4XX": {
            "$ref": "#/components/responses/error"
          }
        }
      }
    },
    "/Books({ID})": {
      "parameters": [
        {
          "description": "key: ID",
          "in": "path",
          "name": "ID",
          "required": true,
          "schema": {
            "type": "integer",
            "format": "int32"
          }
        }
      ],
      "get": {
        "summary": "Retrieve a single book.",
        "tags": [
          "Books"
        ],
        "parameters": [
          {
            "name": "$select",
            "description": "Select properties to be returned, see [Select](http://docs.oasis-open.org/odata/odata/v4.01/odata-v4.01-part1-protocol.html#sec_SystemQueryOptionselect)",
            "in": "query",
            "explode": false,
            "schema": {
              "type": "array",
              "uniqueItems": true,
              "items": {
                "type": "string",
                "enum": [
                  "createdAt",
                  "modifiedAt",
                  "ID",
                  "title",
                  "descr",
                  "author",
                  "genre_ID",
                  "stock",
                  "price",
                  "currency_code"
                ]
              }
            }
          },
          {
            "name": "$expand",
            "description": "Expand related entities, see [Expand](http://docs.oasis-open.org/odata/odata/v4.01/odata-v4.01-part1-protocol.html#sec_SystemQueryOptionexpand)",
            "in": "query",
            "explode": false,
            "schema": {
              "type": "array",
              "uniqueItems": true,
              "items": {
                "type": "string",
                "enum": [
                  "*",
                  "genre",
                  "currency",
                  "texts",
                  "localized"
                ]
              }
            }
          }
        ],
        "responses": {
          "200": {
            "description": "Retrieved book",
            "content": {
              "application/json": {
                "schema": {
                  "$ref": "#/components/schemas/CatalogService.Books"
                }
              }
            }
          },
          "4XX": {
            "$ref": "#/components/responses/error"
          }
        }
      }
    },
    "/Books({ID})/genre": {
      "parameters": [
        {
          "description": "key: ID",
          "in": "path",
          "name": "ID",
          "required": true,
          "schema": {
            "type": "integer",
            "format": "int32"
          }
        }
      ],
      "get": {
        "summary": "Retrieve genre of a book.",
        "tags": [
          "Books",
          "Genres"
        ],
        "parameters": [
          {
            "name": "$select",
            "description": "Select properties to be returned, see [Select](http://docs.oasis-open.org/odata/odata/v4.01/odata-v4.01-part1-protocol.html#sec_SystemQueryOptionselect)",
            "in": "query",
            "explode": false,
            "schema": {
              "type": "array",
              "uniqueItems": true,
              "items": {
                "type": "string",
                "enum": [
                  "name",
                  "descr",
                  "ID",
                  "parent_ID"
                ]
              }
            }
          },
          {
            "name": "$expand",
            "description": "Expand related entities, see [Expand](http://docs.oasis-open.org/odata/odata/v4.01/odata-v4.01-part1-protocol.html#sec_SystemQueryOptionexpand)",
            "in": "query",
            "explode": false,
            "schema": {
              "type": "array",
              "uniqueItems": true,
              "items": {
                "type": "string",
                "enum": [
                  "*",
                  "parent",
                  "children",
                  "texts",
                  "localized"
                ]
              }
            }
          }
        ],
        "responses": {
          "200": {
            "description": "Retrieved genre",
            "content": {
              "application/json": {
                "schema": {
                  "$ref": "#/components/schemas/CatalogService.Genres"
                }
              }
            }
          },
          "4XX": {
            "$ref": "#/components/responses/error"
          }
        }
      }
    },
    "/Books({ID})/currency": {
      "parameters": [
        {
          "description": "key: ID",
          "in": "path",
          "name": "ID",
          "required": true,
          "schema": {
            "type": "integer",
            "format": "int32"
          }
        }
      ],
      "get": {
        "summary": "Retrieve currency of a book.",
        "tags": [
          "Books",
          "Currencies"
        ],
        "parameters": [
          {
            "name": "$select",
            "description": "Select properties to be returned, see [Select](http://docs.oasis-open.org/odata/odata/v4.01/odata-v4.01-part1-protocol.html#sec_SystemQueryOptionselect)",
            "in": "query",
            "explode": false,
            "schema": {
              "type": "array",
              "uniqueItems": true,
              "items": {
                "type": "string",
                "enum": [
                  "name",
                  "descr",
                  "code",
                  "symbol"
                ]
              }
            }
          },
          {
            "name": "$expand",
            "description": "Expand related entities, see [Expand](http://docs.oasis-open.org/odata/odata/v4.01/odata-v4.01-part1-protocol.html#sec_SystemQueryOptionexpand)",
            "in": "query",
            "explode": false,
            "schema": {
              "type": "array",
              "uniqueItems": true,
              "items": {
                "type": "string",
                "enum": [
                  "*",
                  "texts",
                  "localized"
                ]
              }
            }
          }
        ],
        "responses": {
          "200": {
            "description": "Retrieved currency",
            "content": {
              "application/json": {
                "schema": {
                  "$ref": "#/components/schemas/CatalogService.Currencies"
                }
              }
            }
          },
          "4XX": {
            "$ref": "#/components/responses/error"
          }
        }
      }
    },
    "/Books({ID})/texts": {
      "parameters": [
        {
          "description": "key: ID",
          "in": "path",
          "name": "ID",
          "required": true,
          "schema": {
            "type": "integer",
            "format": "int32"
          }
        }
      ],
      "get": {
        "summary": "Retrieve a list of texts of a book.",
        "tags": [
          "Books",
          "Books_texts"
        ],
        "parameters": [
          {
            "$ref": "#/components/parameters/top"
          },
          {
            "$ref": "#/components/parameters/skip"
          },
          {
            "$ref": "#/components/parameters/search"
          },
          {
            "name": "$filter",
            "description": "Filter items by property values, see [Filtering](http://docs.oasis-open.org/odata/odata/v4.01/odata-v4.01-part1-protocol.html#sec_SystemQueryOptionfilter)",
            "in": "query",
            "schema": {
              "type": "string"
            }
          },
          {
            "$ref": "#/components/parameters/count"
          },
          {
            "name": "$orderby",
            "description": "Order items by property values, see [Sorting](http://docs.oasis-open.org/odata/odata/v4.01/odata-v4.01-part1-protocol.html#sec_SystemQueryOptionorderby)",
            "in": "query",
            "explode": false,
            "schema": {
              "type": "array",
              "uniqueItems": true,
              "items": {
                "type": "string",
                "enum": [
                  "locale",
                  "locale desc",
                  "ID",
                  "ID desc",
                  "title",
                  "title desc",
                  "descr",
                  "descr desc"
                ]
              }
            }
          },
          {
            "name": "$select",
            "description": "Select properties to be returned, see [Select](http://docs.oasis-open.org/odata/odata/v4.01/odata-v4.01-part1-protocol.html#sec_SystemQueryOptionselect)",
            "in": "query",
            "explode": false,
            "schema": {
              "type": "array",
              "uniqueItems": true,
              "items": {
                "type": "string",
                "enum": [
                  "locale",
                  "ID",
                  "title",
                  "descr"
                ]
              }
            }
          }
        ],
        "responses": {
          "200": {
            "description": "Retrieved texts",
            "content": {
              "application/json": {
                "schema": {
                  "type": "object",
                  "title": "Collection of Books_texts",
                  "properties": {
                    "@odata.count": {
                      "$ref": "#/components/schemas/count"
                    },
                    "value": {
                      "type": "array",
                      "items": {
                        "$ref": "#/components/schemas/CatalogService.Books_texts"
                      }
                    }
                  }
                }
              }
            }
          },
          "4XX": {
            "$ref": "#/components/responses/error"
          }
        }
      },
      "post": {
        "summary": "Create a single text of a book.",
        "tags": [
          "Books",
          "Books_texts"
        ],
        "requestBody": {
          "description": "New text",
          "required": true,
          "content": {
            "application/json": {
              "schema": {
                "$ref": "#/components/schemas/CatalogService.Books_texts-create"
              }
            }
          }
        },
        "responses": {
          "201": {
            "description": "Created text",
            "content": {
              "application/json": {
                "schema": {
                  "$ref": "#/components/schemas/CatalogService.Books_texts"
                }
              }
            }
          },
          "4XX": {
            "$ref": "#/components/responses/error"
          }
        }
      }
    },
    "/Books({ID})/localized": {
      "parameters": [
        {
          "description": "key: ID",
          "in": "path",
          "name": "ID",
          "required": true,
          "schema": {
            "type": "integer",
            "format": "int32"
          }
        }
      ],
      "get": {
        "summary": "Retrieve localized of a book.",
        "tags": [
          "Books",
          "Books_texts"
        ],
        "parameters": [
          {
            "name": "$select",
            "description": "Select properties to be returned, see [Select](http://docs.oasis-open.org/odata/odata/v4.01/odata-v4.01-part1-protocol.html#sec_SystemQueryOptionselect)",
            "in": "query",
            "explode": false,
            "schema": {
              "type": "array",
              "uniqueItems": true,
              "items": {
                "type": "string",
                "enum": [
                  "locale",
                  "ID",
                  "title",
                  "descr"
                ]
              }
            }
          }
        ],
        "responses": {
          "200": {
            "description": "Retrieved localized",
            "content": {
              "application/json": {
                "schema": {
                  "$ref": "#/components/schemas/CatalogService.Books_texts"
                }
              }
            }
          },
          "4XX": {
            "$ref": "#/components/responses/error"
          }
        }
      }
    },
    "/Currencies": {
      "get": {
        "summary": "Retrieve a list of currencies.",
        "tags": [
          "Currencies"
        ],
        "parameters": [
          {
            "$ref": "#/components/parameters/top"
          },
          {
            "$ref": "#/components/parameters/skip"
          },
          {
            "$ref": "#/components/parameters/search"
          },
          {
            "name": "$filter",
            "description": "Filter items by property values, see [Filtering](http://docs.oasis-open.org/odata/odata/v4.01/odata-v4.01-part1-protocol.html#sec_SystemQueryOptionfilter)",
            "in": "query",
            "schema": {
              "type": "string"
            }
          },
          {
            "$ref": "#/components/parameters/count"
          },
          {
            "name": "$orderby",
            "description": "Order items by property values, see [Sorting](http://docs.oasis-open.org/odata/odata/v4.01/odata-v4.01-part1-protocol.html#sec_SystemQueryOptionorderby)",
            "in": "query",
            "explode": false,
            "schema": {
              "type": "array",
              "uniqueItems": true,
              "items": {
                "type": "string",
                "enum": [
                  "name",
                  "name desc",
                  "descr",
                  "descr desc",
                  "code",
                  "code desc",
                  "symbol",
                  "symbol desc"
                ]
              }
            }
          },
          {
            "name": "$select",
            "description": "Select properties to be returned, see [Select](http://docs.oasis-open.org/odata/odata/v4.01/odata-v4.01-part1-protocol.html#sec_SystemQueryOptionselect)",
            "in": "query",
            "explode": false,
            "schema": {
              "type": "array",
              "uniqueItems": true,
              "items": {
                "type": "string",
                "enum": [
                  "name",
                  "descr",
                  "code",
                  "symbol"
                ]
              }
            }
          },
          {
            "name": "$expand",
            "description": "Expand related entities, see [Expand](http://docs.oasis-open.org/odata/odata/v4.01/odata-v4.01-part1-protocol.html#sec_SystemQueryOptionexpand)",
            "in": "query",
            "explode": false,
            "schema": {
              "type": "array",
              "uniqueItems": true,
              "items": {
                "type": "string",
                "enum": [
                  "*",
                  "texts",
                  "localized"
                ]
              }
            }
          }
        ],
        "responses": {
          "200": {
            "description": "Retrieved currencies",
            "content": {
              "application/json": {
                "schema": {
                  "type": "object",
                  "title": "Collection of Currencies",
                  "properties": {
                    "@odata.count": {
                      "$ref": "#/components/schemas/count"
                    },
                    "value": {
                      "type": "array",
                      "items": {
                        "$ref": "#/components/schemas/CatalogService.Currencies"
                      }
                    }
                  }
                }
              }
            }
          },
          "4XX": {
            "$ref": "#/components/responses/error"
          }
        }
      },
      "post": {
        "summary": "Create a single currency.",
        "tags": [
          "Currencies"
        ],
        "requestBody": {
          "description": "New currency",
          "required": true,
          "content": {
            "application/json": {
              "schema": {
                "$ref": "#/components/schemas/CatalogService.Currencies-create"
              }
            }
          }
        },
        "responses": {
          "201": {
            "description": "Created currency",
            "content": {
              "application/json": {
                "schema": {
                  "$ref": "#/components/schemas/CatalogService.Currencies"
                }
              }
            }
          },
          "4XX": {
            "$ref": "#/components/responses/error"
          }
        }
      }
    },
    "/Currencies('{code}')": {
      "parameters": [
        {
          "description": "key: code",
          "in": "path",
          "name": "code",
          "required": true,
          "schema": {
            "type": "string",
            "maxLength": 3
          }
        }
      ],
      "get": {
        "summary": "Retrieve a single currency.",
        "tags": [
          "Currencies"
        ],
        "parameters": [
          {
            "name": "$select",
            "description": "Select properties to be returned, see [Select](http://docs.oasis-open.org/odata/odata/v4.01/odata-v4.01-part1-protocol.html#sec_SystemQueryOptionselect)",
            "in": "query",
            "explode": false,
            "schema": {
              "type": "array",
              "uniqueItems": true,
              "items": {
                "type": "string",
                "enum": [
                  "name",
                  "descr",
                  "code",
                  "symbol"
                ]
              }
            }
          },
          {
            "name": "$expand",
            "description": "Expand related entities, see [Expand](http://docs.oasis-open.org/odata/odata/v4.01/odata-v4.01-part1-protocol.html#sec_SystemQueryOptionexpand)",
            "in": "query",
            "explode": false,
            "schema": {
              "type": "array",
              "uniqueItems": true,
              "items": {
                "type": "string",
                "enum": [
                  "*",
                  "texts",
                  "localized"
                ]
              }
            }
          }
        ],
        "responses": {
          "200": {
            "description": "Retrieved currency",
            "content": {
              "application/json": {
                "schema": {
                  "$ref": "#/components/schemas/CatalogService.Currencies"
                }
              }
            }
          },
          "4XX": {
            "$ref": "#/components/responses/error"
          }
        }
      },
      "patch": {
        "summary": "Change a single currency.",
        "tags": [
          "Currencies"
        ],
        "requestBody": {
          "description": "New property values",
          "required": true,
          "content": {
            "application/json": {
              "schema": {
                "$ref": "#/components/schemas/CatalogService.Currencies-update"
              }
            }
          }
        },
        "responses": {
          "204": {
            "description": "Success"
          },
          "4XX": {
            "$ref": "#/components/responses/error"
          }
        }
      },
      "delete": {
        "summary": "Delete a single currency.",
        "tags": [
          "Currencies"
        ],
        "responses": {
          "204": {
            "description": "Success"
          },
          "4XX": {
            "$ref": "#/components/responses/error"
          }
        }
      }
    },
    "/Currencies('{code}')/texts": {
      "parameters": [
        {
          "description": "key: code",
          "in": "path",
          "name": "code",
          "required": true,
          "schema": {
            "type": "string",
            "maxLength": 3
          }
        }
      ],
      "get": {
        "summary": "Retrieve a list of texts of a currency.",
        "tags": [
          "Currencies",
          "Currencies_texts"
        ],
        "parameters": [
          {
            "$ref": "#/components/parameters/top"
          },
          {
            "$ref": "#/components/parameters/skip"
          },
          {
            "$ref": "#/components/parameters/search"
          },
          {
            "name": "$filter",
            "description": "Filter items by property values, see [Filtering](http://docs.oasis-open.org/odata/odata/v4.01/odata-v4.01-part1-protocol.html#sec_SystemQueryOptionfilter)",
            "in": "query",
            "schema": {
              "type": "string"
            }
          },
          {
            "$ref": "#/components/parameters/count"
          },
          {
            "name": "$orderby",
            "description": "Order items by property values, see [Sorting](http://docs.oasis-open.org/odata/odata/v4.01/odata-v4.01-part1-protocol.html#sec_SystemQueryOptionorderby)",
            "in": "query",
            "explode": false,
            "schema": {
              "type": "array",
              "uniqueItems": true,
              "items": {
                "type": "string",
                "enum": [
                  "locale",
                  "locale desc",
                  "name",
                  "name desc",
                  "descr",
                  "descr desc",
                  "code",
                  "code desc"
                ]
              }
            }
          },
          {
            "name": "$select",
            "description": "Select properties to be returned, see [Select](http://docs.oasis-open.org/odata/odata/v4.01/odata-v4.01-part1-protocol.html#sec_SystemQueryOptionselect)",
            "in": "query",
            "explode": false,
            "schema": {
              "type": "array",
              "uniqueItems": true,
              "items": {
                "type": "string",
                "enum": [
                  "locale",
                  "name",
                  "descr",
                  "code"
                ]
              }
            }
          }
        ],
        "responses": {
          "200": {
            "description": "Retrieved texts",
            "content": {
              "application/json": {
                "schema": {
                  "type": "object",
                  "title": "Collection of Currencies_texts",
                  "properties": {
                    "@odata.count": {
                      "$ref": "#/components/schemas/count"
                    },
                    "value": {
                      "type": "array",
                      "items": {
                        "$ref": "#/components/schemas/CatalogService.Currencies_texts"
                      }
                    }
                  }
                }
              }
            }
          },
          "4XX": {
            "$ref": "#/components/responses/error"
          }
        }
      },
      "post": {
        "summary": "Create a single text of a currency.",
        "tags": [
          "Currencies",
          "Currencies_texts"
        ],
        "requestBody": {
          "description": "New text",
          "required": true,
          "content": {
            "application/json": {
              "schema": {
                "$ref": "#/components/schemas/CatalogService.Currencies_texts-create"
              }
            }
          }
        },
        "responses": {
          "201": {
            "description": "Created text",
            "content": {
              "application/json": {
                "schema": {
                  "$ref": "#/components/schemas/CatalogService.Currencies_texts"
                }
              }
            }
          },
          "4XX": {
            "$ref": "#/components/responses/error"
          }
        }
      }
    },
    "/Currencies('{code}')/localized": {
      "parameters": [
        {
          "description": "key: code",
          "in": "path",
          "name": "code",
          "required": true,
          "schema": {
            "type": "string",
            "maxLength": 3
          }
        }
      ],
      "get": {
        "summary": "Retrieve localized of a currency.",
        "tags": [
          "Currencies",
          "Currencies_texts"
        ],
        "parameters": [
          {
            "name": "$select",
            "description": "Select properties to be returned, see [Select](http://docs.oasis-open.org/odata/odata/v4.01/odata-v4.01-part1-protocol.html#sec_SystemQueryOptionselect)",
            "in": "query",
            "explode": false,
            "schema": {
              "type": "array",
              "uniqueItems": true,
              "items": {
                "type": "string",
                "enum": [
                  "locale",
                  "name",
                  "descr",
                  "code"
                ]
              }
            }
          }
        ],
        "responses": {
          "200": {
            "description": "Retrieved localized",
            "content": {
              "application/json": {
                "schema": {
                  "$ref": "#/components/schemas/CatalogService.Currencies_texts"
                }
              }
            }
          },
          "4XX": {
            "$ref": "#/components/responses/error"
          }
        }
      }
    },
    "/Genres": {
      "get": {
        "summary": "Retrieve a list of genres.",
        "tags": [
          "Genres"
        ],
        "parameters": [
          {
            "$ref": "#/components/parameters/top"
          },
          {
            "$ref": "#/components/parameters/skip"
          },
          {
            "$ref": "#/components/parameters/search"
          },
          {
            "name": "$filter",
            "description": "Filter items by property values, see [Filtering](http://docs.oasis-open.org/odata/odata/v4.01/odata-v4.01-part1-protocol.html#sec_SystemQueryOptionfilter)",
            "in": "query",
            "schema": {
              "type": "string"
            }
          },
          {
            "$ref": "#/components/parameters/count"
          },
          {
            "name": "$orderby",
            "description": "Order items by property values, see [Sorting](http://docs.oasis-open.org/odata/odata/v4.01/odata-v4.01-part1-protocol.html#sec_SystemQueryOptionorderby)",
            "in": "query",
            "explode": false,
            "schema": {
              "type": "array",
              "uniqueItems": true,
              "items": {
                "type": "string",
                "enum": [
                  "name",
                  "name desc",
                  "descr",
                  "descr desc",
                  "ID",
                  "ID desc",
                  "parent_ID",
                  "parent_ID desc"
                ]
              }
            }
          },
          {
            "name": "$select",
            "description": "Select properties to be returned, see [Select](http://docs.oasis-open.org/odata/odata/v4.01/odata-v4.01-part1-protocol.html#sec_SystemQueryOptionselect)",
            "in": "query",
            "explode": false,
            "schema": {
              "type": "array",
              "uniqueItems": true,
              "items": {
                "type": "string",
                "enum": [
                  "name",
                  "descr",
                  "ID",
                  "parent_ID"
                ]
              }
            }
          },
          {
            "name": "$expand",
            "description": "Expand related entities, see [Expand](http://docs.oasis-open.org/odata/odata/v4.01/odata-v4.01-part1-protocol.html#sec_SystemQueryOptionexpand)",
            "in": "query",
            "explode": false,
            "schema": {
              "type": "array",
              "uniqueItems": true,
              "items": {
                "type": "string",
                "enum": [
                  "*",
                  "parent",
                  "children",
                  "texts",
                  "localized"
                ]
              }
            }
          }
        ],
        "responses": {
          "200": {
            "description": "Retrieved genres",
            "content": {
              "application/json": {
                "schema": {
                  "type": "object",
                  "title": "Collection of Genres",
                  "properties": {
                    "@odata.count": {
                      "$ref": "#/components/schemas/count"
                    },
                    "value": {
                      "type": "array",
                      "items": {
                        "$ref": "#/components/schemas/CatalogService.Genres"
                      }
                    }
                  }
                }
              }
            }
          },
          "4XX": {
            "$ref": "#/components/responses/error"
          }
        }
      },
      "post": {
        "summary": "Create a single genre.",
        "tags": [
          "Genres"
        ],
        "requestBody": {
          "description": "New genre",
          "required": true,
          "content": {
            "application/json": {
              "schema": {
                "$ref": "#/components/schemas/CatalogService.Genres-create"
              }
            }
          }
        },
        "responses": {
          "201": {
            "description": "Created genre",
            "content": {
              "application/json": {
                "schema": {
                  "$ref": "#/components/schemas/CatalogService.Genres"
                }
              }
            }
          },
          "4XX": {
            "$ref": "#/components/responses/error"
          }
        }
      }
    },
    "/Genres({ID})": {
      "parameters": [
        {
          "description": "key: ID",
          "in": "path",
          "name": "ID",
          "required": true,
          "schema": {
            "type": "integer",
            "format": "int32"
          }
        }
      ],
      "get": {
        "summary": "Retrieve a single genre.",
        "tags": [
          "Genres"
        ],
        "parameters": [
          {
            "name": "$select",
            "description": "Select properties to be returned, see [Select](http://docs.oasis-open.org/odata/odata/v4.01/odata-v4.01-part1-protocol.html#sec_SystemQueryOptionselect)",
            "in": "query",
            "explode": false,
            "schema": {
              "type": "array",
              "uniqueItems": true,
              "items": {
                "type": "string",
                "enum": [
                  "name",
                  "descr",
                  "ID",
                  "parent_ID"
                ]
              }
            }
          },
          {
            "name": "$expand",
            "description": "Expand related entities, see [Expand](http://docs.oasis-open.org/odata/odata/v4.01/odata-v4.01-part1-protocol.html#sec_SystemQueryOptionexpand)",
            "in": "query",
            "explode": false,
            "schema": {
              "type": "array",
              "uniqueItems": true,
              "items": {
                "type": "string",
                "enum": [
                  "*",
                  "parent",
                  "children",
                  "texts",
                  "localized"
                ]
              }
            }
          }
        ],
        "responses": {
          "200": {
            "description": "Retrieved genre",
            "content": {
              "application/json": {
                "schema": {
                  "$ref": "#/components/schemas/CatalogService.Genres"
                }
              }
            }
          },
          "4XX": {
            "$ref": "#/components/responses/error"
          }
        }
      },
      "patch": {
        "summary": "Change a single genre.",
        "tags": [
          "Genres"
        ],
        "requestBody": {
          "description": "New property values",
          "required": true,
          "content": {
            "application/json": {
              "schema": {
                "$ref": "#/components/schemas/CatalogService.Genres-update"
              }
            }
          }
        },
        "responses": {
          "204": {
            "description": "Success"
          },
          "4XX": {
            "$ref": "#/components/responses/error"
          }
        }
      },
      "delete": {
        "summary": "Delete a single genre.",
        "tags": [
          "Genres"
        ],
        "responses": {
          "204": {
            "description": "Success"
          },
          "4XX": {
            "$ref": "#/components/responses/error"
          }
        }
      }
    },
    "/Genres({ID})/parent": {
      "parameters": [
        {
          "description": "key: ID",
          "in": "path",
          "name": "ID",
          "required": true,
          "schema": {
            "type": "integer",
            "format": "int32"
          }
        }
      ],
      "get": {
        "summary": "Retrieve parent of a genre.",
        "tags": [
          "Genres"
        ],
        "parameters": [
          {
            "name": "$select",
            "description": "Select properties to be returned, see [Select](http://docs.oasis-open.org/odata/odata/v4.01/odata-v4.01-part1-protocol.html#sec_SystemQueryOptionselect)",
            "in": "query",
            "explode": false,
            "schema": {
              "type": "array",
              "uniqueItems": true,
              "items": {
                "type": "string",
                "enum": [
                  "name",
                  "descr",
                  "ID",
                  "parent_ID"
                ]
              }
            }
          },
          {
            "name": "$expand",
            "description": "Expand related entities, see [Expand](http://docs.oasis-open.org/odata/odata/v4.01/odata-v4.01-part1-protocol.html#sec_SystemQueryOptionexpand)",
            "in": "query",
            "explode": false,
            "schema": {
              "type": "array",
              "uniqueItems": true,
              "items": {
                "type": "string",
                "enum": [
                  "*",
                  "parent",
                  "children",
                  "texts",
                  "localized"
                ]
              }
            }
          }
        ],
        "responses": {
          "200": {
            "description": "Retrieved parent",
            "content": {
              "application/json": {
                "schema": {
                  "$ref": "#/components/schemas/CatalogService.Genres"
                }
              }
            }
          },
          "4XX": {
            "$ref": "#/components/responses/error"
          }
        }
      }
    },
    "/Genres({ID})/children": {
      "parameters": [
        {
          "description": "key: ID",
          "in": "path",
          "name": "ID",
          "required": true,
          "schema": {
            "type": "integer",
            "format": "int32"
          }
        }
      ],
      "get": {
        "summary": "Retrieve a list of children of a genre.",
        "tags": [
          "Genres"
        ],
        "parameters": [
          {
            "$ref": "#/components/parameters/top"
          },
          {
            "$ref": "#/components/parameters/skip"
          },
          {
            "$ref": "#/components/parameters/search"
          },
          {
            "name": "$filter",
            "description": "Filter items by property values, see [Filtering](http://docs.oasis-open.org/odata/odata/v4.01/odata-v4.01-part1-protocol.html#sec_SystemQueryOptionfilter)",
            "in": "query",
            "schema": {
              "type": "string"
            }
          },
          {
            "$ref": "#/components/parameters/count"
          },
          {
            "name": "$orderby",
            "description": "Order items by property values, see [Sorting](http://docs.oasis-open.org/odata/odata/v4.01/odata-v4.01-part1-protocol.html#sec_SystemQueryOptionorderby)",
            "in": "query",
            "explode": false,
            "schema": {
              "type": "array",
              "uniqueItems": true,
              "items": {
                "type": "string",
                "enum": [
                  "name",
                  "name desc",
                  "descr",
                  "descr desc",
                  "ID",
                  "ID desc",
                  "parent_ID",
                  "parent_ID desc"
                ]
              }
            }
          },
          {
            "name": "$select",
            "description": "Select properties to be returned, see [Select](http://docs.oasis-open.org/odata/odata/v4.01/odata-v4.01-part1-protocol.html#sec_SystemQueryOptionselect)",
            "in": "query",
            "explode": false,
            "schema": {
              "type": "array",
              "uniqueItems": true,
              "items": {
                "type": "string",
                "enum": [
                  "name",
                  "descr",
                  "ID",
                  "parent_ID"
                ]
              }
            }
          },
          {
            "name": "$expand",
            "description": "Expand related entities, see [Expand](http://docs.oasis-open.org/odata/odata/v4.01/odata-v4.01-part1-protocol.html#sec_SystemQueryOptionexpand)",
            "in": "query",
            "explode": false,
            "schema": {
              "type": "array",
              "uniqueItems": true,
              "items": {
                "type": "string",
                "enum": [
                  "*",
                  "parent",
                  "children",
                  "texts",
                  "localized"
                ]
              }
            }
          }
        ],
        "responses": {
          "200": {
            "description": "Retrieved children",
            "content": {
              "application/json": {
                "schema": {
                  "type": "object",
                  "title": "Collection of Genres",
                  "properties": {
                    "@odata.count": {
                      "$ref": "#/components/schemas/count"
                    },
                    "value": {
                      "type": "array",
                      "items": {
                        "$ref": "#/components/schemas/CatalogService.Genres"
                      }
                    }
                  }
                }
              }
            }
          },
          "4XX": {
            "$ref": "#/components/responses/error"
          }
        }
      },
      "post": {
        "summary": "Create a single child of a genre.",
        "tags": [
          "Genres"
        ],
        "requestBody": {
          "description": "New child",
          "required": true,
          "content": {
            "application/json": {
              "schema": {
                "$ref": "#/components/schemas/CatalogService.Genres-create"
              }
            }
          }
        },
        "responses": {
          "201": {
            "description": "Created child",
            "content": {
              "application/json": {
                "schema": {
                  "$ref": "#/components/schemas/CatalogService.Genres"
                }
              }
            }
          },
          "4XX": {
            "$ref": "#/components/responses/error"
          }
        }
      }
    },
    "/Genres({ID})/texts": {
      "parameters": [
        {
          "description": "key: ID",
          "in": "path",
          "name": "ID",
          "required": true,
          "schema": {
            "type": "integer",
            "format": "int32"
          }
        }
      ],
      "get": {
        "summary": "Retrieve a list of texts of a genre.",
        "tags": [
          "Genres",
          "Genres_texts"
        ],
        "parameters": [
          {
            "$ref": "#/components/parameters/top"
          },
          {
            "$ref": "#/components/parameters/skip"
          },
          {
            "$ref": "#/components/parameters/search"
          },
          {
            "name": "$filter",
            "description": "Filter items by property values, see [Filtering](http://docs.oasis-open.org/odata/odata/v4.01/odata-v4.01-part1-protocol.html#sec_SystemQueryOptionfilter)",
            "in": "query",
            "schema": {
              "type": "string"
            }
          },
          {
            "$ref": "#/components/parameters/count"
          },
          {
            "name": "$orderby",
            "description": "Order items by property values, see [Sorting](http://docs.oasis-open.org/odata/odata/v4.01/odata-v4.01-part1-protocol.html#sec_SystemQueryOptionorderby)",
            "in": "query",
            "explode": false,
            "schema": {
              "type": "array",
              "uniqueItems": true,
              "items": {
                "type": "string",
                "enum": [
                  "locale",
                  "locale desc",
                  "name",
                  "name desc",
                  "descr",
                  "descr desc",
                  "ID",
                  "ID desc"
                ]
              }
            }
          },
          {
            "name": "$select",
            "description": "Select properties to be returned, see [Select](http://docs.oasis-open.org/odata/odata/v4.01/odata-v4.01-part1-protocol.html#sec_SystemQueryOptionselect)",
            "in": "query",
            "explode": false,
            "schema": {
              "type": "array",
              "uniqueItems": true,
              "items": {
                "type": "string",
                "enum": [
                  "locale",
                  "name",
                  "descr",
                  "ID"
                ]
              }
            }
          }
        ],
        "responses": {
          "200": {
            "description": "Retrieved texts",
            "content": {
              "application/json": {
                "schema": {
                  "type": "object",
                  "title": "Collection of Genres_texts",
                  "properties": {
                    "@odata.count": {
                      "$ref": "#/components/schemas/count"
                    },
                    "value": {
                      "type": "array",
                      "items": {
                        "$ref": "#/components/schemas/CatalogService.Genres_texts"
                      }
                    }
                  }
                }
              }
            }
          },
          "4XX": {
            "$ref": "#/components/responses/error"
          }
        }
      },
      "post": {
        "summary": "Create a single text of a genre.",
        "tags": [
          "Genres",
          "Genres_texts"
        ],
        "requestBody": {
          "description": "New text",
          "required": true,
          "content": {
            "application/json": {
              "schema": {
                "$ref": "#/components/schemas/CatalogService.Genres_texts-create"
              }
            }
          }
        },
        "responses": {
          "201": {
            "description": "Created text",
            "content": {
              "application/json": {
                "schema": {
                  "$ref": "#/components/schemas/CatalogService.Genres_texts"
                }
              }
            }
          },
          "4XX": {
            "$ref": "#/components/responses/error"
          }
        }
      }
    },
    "/Genres({ID})/localized": {
      "parameters": [
        {
          "description": "key: ID",
          "in": "path",
          "name": "ID",
          "required": true,
          "schema": {
            "type": "integer",
            "format": "int32"
          }
        }
      ],
      "get": {
        "summary": "Retrieve localized of a genre.",
        "tags": [
          "Genres",
          "Genres_texts"
        ],
        "parameters": [
          {
            "name": "$select",
            "description": "Select properties to be returned, see [Select](http://docs.oasis-open.org/odata/odata/v4.01/odata-v4.01-part1-protocol.html#sec_SystemQueryOptionselect)",
            "in": "query",
            "explode": false,
            "schema": {
              "type": "array",
              "uniqueItems": true,
              "items": {
                "type": "string",
                "enum": [
                  "locale",
                  "name",
                  "descr",
                  "ID"
                ]
              }
            }
          }
        ],
        "responses": {
          "200": {
            "description": "Retrieved localized",
            "content": {
              "application/json": {
                "schema": {
                  "$ref": "#/components/schemas/CatalogService.Genres_texts"
                }
              }
            }
          },
          "4XX": {
            "$ref": "#/components/responses/error"
          }
        }
      }
    },
    "/Books_texts": {
      "get": {
        "summary": "Retrieve a list of books_texts.",
        "tags": [
          "Books_texts"
        ],
        "parameters": [
          {
            "$ref": "#/components/parameters/top"
          },
          {
            "$ref": "#/components/parameters/skip"
          },
          {
            "$ref": "#/components/parameters/search"
          },
          {
            "name": "$filter",
            "description": "Filter items by property values, see [Filtering](http://docs.oasis-open.org/odata/odata/v4.01/odata-v4.01-part1-protocol.html#sec_SystemQueryOptionfilter)",
            "in": "query",
            "schema": {
              "type": "string"
            }
          },
          {
            "$ref": "#/components/parameters/count"
          },
          {
            "name": "$orderby",
            "description": "Order items by property values, see [Sorting](http://docs.oasis-open.org/odata/odata/v4.01/odata-v4.01-part1-protocol.html#sec_SystemQueryOptionorderby)",
            "in": "query",
            "explode": false,
            "schema": {
              "type": "array",
              "uniqueItems": true,
              "items": {
                "type": "string",
                "enum": [
                  "locale",
                  "locale desc",
                  "ID",
                  "ID desc",
                  "title",
                  "title desc",
                  "descr",
                  "descr desc"
                ]
              }
            }
          },
          {
            "name": "$select",
            "description": "Select properties to be returned, see [Select](http://docs.oasis-open.org/odata/odata/v4.01/odata-v4.01-part1-protocol.html#sec_SystemQueryOptionselect)",
            "in": "query",
            "explode": false,
            "schema": {
              "type": "array",
              "uniqueItems": true,
              "items": {
                "type": "string",
                "enum": [
                  "locale",
                  "ID",
                  "title",
                  "descr"
                ]
              }
            }
          }
        ],
        "responses": {
          "200": {
            "description": "Retrieved books_texts",
            "content": {
              "application/json": {
                "schema": {
                  "type": "object",
                  "title": "Collection of Books_texts",
                  "properties": {
                    "@odata.count": {
                      "$ref": "#/components/schemas/count"
                    },
                    "value": {
                      "type": "array",
                      "items": {
                        "$ref": "#/components/schemas/CatalogService.Books_texts"
                      }
                    }
                  }
                }
              }
            }
          },
          "4XX": {
            "$ref": "#/components/responses/error"
          }
        }
      },
      "post": {
        "summary": "Create a single books_text.",
        "tags": [
          "Books_texts"
        ],
        "requestBody": {
          "description": "New books_text",
          "required": true,
          "content": {
            "application/json": {
              "schema": {
                "$ref": "#/components/schemas/CatalogService.Books_texts-create"
              }
            }
          }
        },
        "responses": {
          "201": {
            "description": "Created books_text",
            "content": {
              "application/json": {
                "schema": {
                  "$ref": "#/components/schemas/CatalogService.Books_texts"
                }
              }
            }
          },
          "4XX": {
            "$ref": "#/components/responses/error"
          }
        }
      }
    },
    "/Books_texts(locale='{locale}',ID={ID})": {
      "parameters": [
        {
          "description": "key: locale",
          "in": "path",
          "name": "locale",
          "required": true,
          "schema": {
            "type": "string",
            "maxLength": 14
          }
        },
        {
          "description": "key: ID",
          "in": "path",
          "name": "ID",
          "required": true,
          "schema": {
            "type": "integer",
            "format": "int32"
          }
        }
      ],
      "get": {
        "summary": "Retrieve a single books_text.",
        "tags": [
          "Books_texts"
        ],
        "parameters": [
          {
            "name": "$select",
            "description": "Select properties to be returned, see [Select](http://docs.oasis-open.org/odata/odata/v4.01/odata-v4.01-part1-protocol.html#sec_SystemQueryOptionselect)",
            "in": "query",
            "explode": false,
            "schema": {
              "type": "array",
              "uniqueItems": true,
              "items": {
                "type": "string",
                "enum": [
                  "locale",
                  "ID",
                  "title",
                  "descr"
                ]
              }
            }
          }
        ],
        "responses": {
          "200": {
            "description": "Retrieved books_text",
            "content": {
              "application/json": {
                "schema": {
                  "$ref": "#/components/schemas/CatalogService.Books_texts"
                }
              }
            }
          },
          "4XX": {
            "$ref": "#/components/responses/error"
          }
        }
      },
      "patch": {
        "summary": "Change a single books_text.",
        "tags": [
          "Books_texts"
        ],
        "requestBody": {
          "description": "New property values",
          "required": true,
          "content": {
            "application/json": {
              "schema": {
                "$ref": "#/components/schemas/CatalogService.Books_texts-update"
              }
            }
          }
        },
        "responses": {
          "204": {
            "description": "Success"
          },
          "4XX": {
            "$ref": "#/components/responses/error"
          }
        }
      },
      "delete": {
        "summary": "Delete a single books_text.",
        "tags": [
          "Books_texts"
        ],
        "responses": {
          "204": {
            "description": "Success"
          },
          "4XX": {
            "$ref": "#/components/responses/error"
          }
        }
      }
    },
    "/Currencies_texts": {
      "get": {
        "summary": "Retrieve a list of currencies_texts.",
        "tags": [
          "Currencies_texts"
        ],
        "parameters": [
          {
            "$ref": "#/components/parameters/top"
          },
          {
            "$ref": "#/components/parameters/skip"
          },
          {
            "$ref": "#/components/parameters/search"
          },
          {
            "name": "$filter",
            "description": "Filter items by property values, see [Filtering](http://docs.oasis-open.org/odata/odata/v4.01/odata-v4.01-part1-protocol.html#sec_SystemQueryOptionfilter)",
            "in": "query",
            "schema": {
              "type": "string"
            }
          },
          {
            "$ref": "#/components/parameters/count"
          },
          {
            "name": "$orderby",
            "description": "Order items by property values, see [Sorting](http://docs.oasis-open.org/odata/odata/v4.01/odata-v4.01-part1-protocol.html#sec_SystemQueryOptionorderby)",
            "in": "query",
            "explode": false,
            "schema": {
              "type": "array",
              "uniqueItems": true,
              "items": {
                "type": "string",
                "enum": [
                  "locale",
                  "locale desc",
                  "name",
                  "name desc",
                  "descr",
                  "descr desc",
                  "code",
                  "code desc"
                ]
              }
            }
          },
          {
            "name": "$select",
            "description": "Select properties to be returned, see [Select](http://docs.oasis-open.org/odata/odata/v4.01/odata-v4.01-part1-protocol.html#sec_SystemQueryOptionselect)",
            "in": "query",
            "explode": false,
            "schema": {
              "type": "array",
              "uniqueItems": true,
              "items": {
                "type": "string",
                "enum": [
                  "locale",
                  "name",
                  "descr",
                  "code"
                ]
              }
            }
          }
        ],
        "responses": {
          "200": {
            "description": "Retrieved currencies_texts",
            "content": {
              "application/json": {
                "schema": {
                  "type": "object",
                  "title": "Collection of Currencies_texts",
                  "properties": {
                    "@odata.count": {
                      "$ref": "#/components/schemas/count"
                    },
                    "value": {
                      "type": "array",
                      "items": {
                        "$ref": "#/components/schemas/CatalogService.Currencies_texts"
                      }
                    }
                  }
                }
              }
            }
          },
          "4XX": {
            "$ref": "#/components/responses/error"
          }
        }
      },
      "post": {
        "summary": "Create a single currencies_text.",
        "tags": [
          "Currencies_texts"
        ],
        "requestBody": {
          "description": "New currencies_text",
          "required": true,
          "content": {
            "application/json": {
              "schema": {
                "$ref": "#/components/schemas/CatalogService.Currencies_texts-create"
              }
            }
          }
        },
        "responses": {
          "201": {
            "description": "Created currencies_text",
            "content": {
              "application/json": {
                "schema": {
                  "$ref": "#/components/schemas/CatalogService.Currencies_texts"
                }
              }
            }
          },
          "4XX": {
            "$ref": "#/components/responses/error"
          }
        }
      }
    },
    "/Currencies_texts(locale='{locale}',code='{code}')": {
      "parameters": [
        {
          "description": "key: locale",
          "in": "path",
          "name": "locale",
          "required": true,
          "schema": {
            "type": "string",
            "maxLength": 14
          }
        },
        {
          "description": "key: code",
          "in": "path",
          "name": "code",
          "required": true,
          "schema": {
            "type": "string",
            "maxLength": 3
          }
        }
      ],
      "get": {
        "summary": "Retrieve a single currencies_text.",
        "tags": [
          "Currencies_texts"
        ],
        "parameters": [
          {
            "name": "$select",
            "description": "Select properties to be returned, see [Select](http://docs.oasis-open.org/odata/odata/v4.01/odata-v4.01-part1-protocol.html#sec_SystemQueryOptionselect)",
            "in": "query",
            "explode": false,
            "schema": {
              "type": "array",
              "uniqueItems": true,
              "items": {
                "type": "string",
                "enum": [
                  "locale",
                  "name",
                  "descr",
                  "code"
                ]
              }
            }
          }
        ],
        "responses": {
          "200": {
            "description": "Retrieved currencies_text",
            "content": {
              "application/json": {
                "schema": {
                  "$ref": "#/components/schemas/CatalogService.Currencies_texts"
                }
              }
            }
          },
          "4XX": {
            "$ref": "#/components/responses/error"
          }
        }
      },
      "patch": {
        "summary": "Change a single currencies_text.",
        "tags": [
          "Currencies_texts"
        ],
        "requestBody": {
          "description": "New property values",
          "required": true,
          "content": {
            "application/json": {
              "schema": {
                "$ref": "#/components/schemas/CatalogService.Currencies_texts-update"
              }
            }
          }
        },
        "responses": {
          "204": {
            "description": "Success"
          },
          "4XX": {
            "$ref": "#/components/responses/error"
          }
        }
      },
      "delete": {
        "summary": "Delete a single currencies_text.",
        "tags": [
          "Currencies_texts"
        ],
        "responses": {
          "204": {
            "description": "Success"
          },
          "4XX": {
            "$ref": "#/components/responses/error"
          }
        }
      }
    },
    "/Genres_texts": {
      "get": {
        "summary": "Retrieve a list of genres_texts.",
        "tags": [
          "Genres_texts"
        ],
        "parameters": [
          {
            "$ref": "#/components/parameters/top"
          },
          {
            "$ref": "#/components/parameters/skip"
          },
          {
            "$ref": "#/components/parameters/search"
          },
          {
            "name": "$filter",
            "description": "Filter items by property values, see [Filtering](http://docs.oasis-open.org/odata/odata/v4.01/odata-v4.01-part1-protocol.html#sec_SystemQueryOptionfilter)",
            "in": "query",
            "schema": {
              "type": "string"
            }
          },
          {
            "$ref": "#/components/parameters/count"
          },
          {
            "name": "$orderby",
            "description": "Order items by property values, see [Sorting](http://docs.oasis-open.org/odata/odata/v4.01/odata-v4.01-part1-protocol.html#sec_SystemQueryOptionorderby)",
            "in": "query",
            "explode": false,
            "schema": {
              "type": "array",
              "uniqueItems": true,
              "items": {
                "type": "string",
                "enum": [
                  "locale",
                  "locale desc",
                  "name",
                  "name desc",
                  "descr",
                  "descr desc",
                  "ID",
                  "ID desc"
                ]
              }
            }
          },
          {
            "name": "$select",
            "description": "Select properties to be returned, see [Select](http://docs.oasis-open.org/odata/odata/v4.01/odata-v4.01-part1-protocol.html#sec_SystemQueryOptionselect)",
            "in": "query",
            "explode": false,
            "schema": {
              "type": "array",
              "uniqueItems": true,
              "items": {
                "type": "string",
                "enum": [
                  "locale",
                  "name",
                  "descr",
                  "ID"
                ]
              }
            }
          }
        ],
        "responses": {
          "200": {
            "description": "Retrieved genres_texts",
            "content": {
              "application/json": {
                "schema": {
                  "type": "object",
                  "title": "Collection of Genres_texts",
                  "properties": {
                    "@odata.count": {
                      "$ref": "#/components/schemas/count"
                    },
                    "value": {
                      "type": "array",
                      "items": {
                        "$ref": "#/components/schemas/CatalogService.Genres_texts"
                      }
                    }
                  }
                }
              }
            }
          },
          "4XX": {
            "$ref": "#/components/responses/error"
          }
        }
      },
      "post": {
        "summary": "Create a single genres_text.",
        "tags": [
          "Genres_texts"
        ],
        "requestBody": {
          "description": "New genres_text",
          "required": true,
          "content": {
            "application/json": {
              "schema": {
                "$ref": "#/components/schemas/CatalogService.Genres_texts-create"
              }
            }
          }
        },
        "responses": {
          "201": {
            "description": "Created genres_text",
            "content": {
              "application/json": {
                "schema": {
                  "$ref": "#/components/schemas/CatalogService.Genres_texts"
                }
              }
            }
          },
          "4XX": {
            "$ref": "#/components/responses/error"
          }
        }
      }
    },
    "/Genres_texts(locale='{locale}',ID={ID})": {
      "parameters": [
        {
          "description": "key: locale",
          "in": "path",
          "name": "locale",
          "required": true,
          "schema": {
            "type": "string",
            "maxLength": 14
          }
        },
        {
          "description": "key: ID",
          "in": "path",
          "name": "ID",
          "required": true,
          "schema": {
            "type": "integer",
            "format": "int32"
          }
        }
      ],
      "get": {
        "summary": "Retrieve a single genres_text.",
        "tags": [
          "Genres_texts"
        ],
        "parameters": [
          {
            "name": "$select",
            "description": "Select properties to be returned, see [Select](http://docs.oasis-open.org/odata/odata/v4.01/odata-v4.01-part1-protocol.html#sec_SystemQueryOptionselect)",
            "in": "query",
            "explode": false,
            "schema": {
              "type": "array",
              "uniqueItems": true,
              "items": {
                "type": "string",
                "enum": [
                  "locale",
                  "name",
                  "descr",
                  "ID"
                ]
              }
            }
          }
        ],
        "responses": {
          "200": {
            "description": "Retrieved genres_text",
            "content": {
              "application/json": {
                "schema": {
                  "$ref": "#/components/schemas/CatalogService.Genres_texts"
                }
              }
            }
          },
          "4XX": {
            "$ref": "#/components/responses/error"
          }
        }
      },
      "patch": {
        "summary": "Change a single genres_text.",
        "tags": [
          "Genres_texts"
        ],
        "requestBody": {
          "description": "New property values",
          "required": true,
          "content": {
            "application/json": {
              "schema": {
                "$ref": "#/components/schemas/CatalogService.Genres_texts-update"
              }
            }
          }
        },
        "responses": {
          "204": {
            "description": "Success"
          },
          "4XX": {
            "$ref": "#/components/responses/error"
          }
        }
      },
      "delete": {
        "summary": "Delete a single genres_text.",
        "tags": [
          "Genres_texts"
        ],
        "responses": {
          "204": {
            "description": "Success"
          },
          "4XX": {
            "$ref": "#/components/responses/error"
          }
        }
      }
    },
    "/submitOrder": {
      "post": {
        "summary": "Invoke action submitOrder",
        "tags": [
          "Service Operations"
        ],
        "responses": {
          "204": {
            "description": "Success"
          },
          "4XX": {
            "$ref": "#/components/responses/error"
          }
        },
        "requestBody": {
          "description": "Action parameters",
          "content": {
            "application/json": {
              "schema": {
                "type": "object",
                "properties": {
                  "book": {
                    "type": "integer",
                    "format": "int32",
                    "nullable": true
                  },
                  "amount": {
                    "type": "integer",
                    "format": "int32",
                    "nullable": true
                  }
                }
              }
            }
          }
        }
      }
    },
    "/$batch": {
      "post": {
        "summary": "Send a group of requests",
        "description": "Group multiple requests into a single request payload, see [Batch Requests](http://docs.oasis-open.org/odata/odata/v4.01/odata-v4.01-part1-protocol.html#sec_BatchRequests).\n\n*Please note that \"Try it out\" is not supported for this request.*",
        "tags": [
          "Batch Requests"
        ],
        "requestBody": {
          "required": true,
          "description": "Batch request",
          "content": {
            "multipart/mixed;boundary=request-separator": {
              "schema": {
                "type": "string"
              },
              "example": "--request-separator\nContent-Type: application/http\nContent-Transfer-Encoding: binary\n\nGET Books HTTP/1.1\nAccept: application/json\n\n\n--request-separator--"
            }
          }
        },
        "responses": {
          "200": {
            "description": "Batch response",
            "content": {
              "multipart/mixed": {
                "schema": {
                  "type": "string"
                },
                "example": "--response-separator\nContent-Type: application/http\n\nHTTP/1.1 200 OK\nContent-Type: application/json\n\n{...}\n--response-separator--"
              }
            }
          },
          "4XX": {
            "$ref": "#/components/responses/error"
          }
        }
      }
    }
  },
  "components": {
    "schemas": {
      "CatalogService.Books": {
        "title": "Books",
        "type": "object",
        "properties": {
          "createdAt": {
            "type": "string",
            "format": "date-time",
            "example": "2017-04-13T15:51:04.0000000Z",
            "nullable": true
          },
          "modifiedAt": {
            "type": "string",
            "format": "date-time",
            "example": "2017-04-13T15:51:04.0000000Z",
            "nullable": true
          },
          "ID": {
            "type": "integer",
            "format": "int32"
          },
          "title": {
            "type": "string",
            "maxLength": 111,
            "nullable": true
          },
          "descr": {
            "type": "string",
            "maxLength": 1111,
            "nullable": true
          },
          "author": {
            "type": "string",
            "maxLength": 111,
            "nullable": true
          },
          "genre": {
            "allOf": [
              {
                "$ref": "#/components/schemas/CatalogService.Genres"
              }
            ],
            "nullable": true
          },
          "genre_ID": {
            "type": "integer",
            "format": "int32",
            "nullable": true
          },
          "stock": {
            "type": "integer",
            "format": "int32",
            "nullable": true
          },
          "price": {
            "anyOf": [
              {
                "type": "number"
              },
              {
                "type": "string"
              }
            ],
            "format": "decimal",
            "example": 0,
            "multipleOf": 0.01,
            "maximum": 9999999.99,
            "minimum": -9999999.99,
            "nullable": true
          },
          "currency": {
            "allOf": [
              {
                "$ref": "#/components/schemas/CatalogService.Currencies"
              }
            ],
            "nullable": true,
            "description": "{i18n>CurrencyCode.Description}"
          },
          "currency_code": {
            "type": "string",
            "maxLength": 3,
            "nullable": true,
            "description": "{i18n>CurrencyCode.Description}"
          },
          "texts": {
            "type": "array",
            "items": {
              "$ref": "#/components/schemas/CatalogService.Books_texts"
            }
          },
          "texts@odata.count": {
            "$ref": "#/components/schemas/count"
          },
          "localized": {
            "allOf": [
              {
                "$ref": "#/components/schemas/CatalogService.Books_texts"
              }
            ],
            "nullable": true
          }
        }
      },
      "CatalogService.Currencies": {
        "title": "Currencies",
        "type": "object",
        "properties": {
          "name": {
            "type": "string",
            "maxLength": 255,
            "nullable": true
          },
          "descr": {
            "type": "string",
            "maxLength": 1000,
            "nullable": true
          },
          "code": {
            "type": "string",
            "maxLength": 3
          },
          "symbol": {
            "type": "string",
            "maxLength": 5,
            "nullable": true
          },
          "texts": {
            "type": "array",
            "items": {
              "$ref": "#/components/schemas/CatalogService.Currencies_texts"
            }
          },
          "texts@odata.count": {
            "$ref": "#/components/schemas/count"
          },
          "localized": {
            "allOf": [
              {
                "$ref": "#/components/schemas/CatalogService.Currencies_texts"
              }
            ],
            "nullable": true
          }
        }
      },
      "CatalogService.Currencies-create": {
        "title": "Currencies (for create)",
        "type": "object",
        "properties": {
          "name": {
            "type": "string",
            "maxLength": 255,
            "nullable": true
          },
          "descr": {
            "type": "string",
            "maxLength": 1000,
            "nullable": true
          },
          "code": {
            "type": "string",
            "maxLength": 3
          },
          "symbol": {
            "type": "string",
            "maxLength": 5,
            "nullable": true
          },
          "texts": {
            "type": "array",
            "items": {
              "$ref": "#/components/schemas/CatalogService.Currencies_texts-create"
            }
          },
          "localized": {
            "allOf": [
              {
                "$ref": "#/components/schemas/CatalogService.Currencies_texts-create"
              }
            ],
            "nullable": true
          }
        },
        "required": [
          "code"
        ]
      },
      "CatalogService.Currencies-update": {
        "title": "Currencies (for update)",
        "type": "object",
        "properties": {
          "name": {
            "type": "string",
            "maxLength": 255,
            "nullable": true
          },
          "descr": {
            "type": "string",
            "maxLength": 1000,
            "nullable": true
          },
          "symbol": {
            "type": "string",
            "maxLength": 5,
            "nullable": true
          }
        }
      },
      "CatalogService.Genres": {
        "title": "Genres",
        "type": "object",
        "properties": {
          "name": {
            "type": "string",
            "maxLength": 255,
            "nullable": true
          },
          "descr": {
            "type": "string",
            "maxLength": 1000,
            "nullable": true
          },
          "ID": {
            "type": "integer",
            "format": "int32"
          },
          "parent": {
            "allOf": [
              {
                "$ref": "#/components/schemas/CatalogService.Genres"
              }
            ],
            "nullable": true
          },
          "parent_ID": {
            "type": "integer",
            "format": "int32",
            "nullable": true
          },
          "children": {
            "type": "array",
            "items": {
              "$ref": "#/components/schemas/CatalogService.Genres"
            }
          },
          "children@odata.count": {
            "$ref": "#/components/schemas/count"
          },
          "texts": {
            "type": "array",
            "items": {
              "$ref": "#/components/schemas/CatalogService.Genres_texts"
            }
          },
          "texts@odata.count": {
            "$ref": "#/components/schemas/count"
          },
          "localized": {
            "allOf": [
              {
                "$ref": "#/components/schemas/CatalogService.Genres_texts"
              }
            ],
            "nullable": true
          }
        }
      },
      "CatalogService.Genres-create": {
        "title": "Genres (for create)",
        "type": "object",
        "properties": {
          "name": {
            "type": "string",
            "maxLength": 255,
            "nullable": true
          },
          "descr": {
            "type": "string",
            "maxLength": 1000,
            "nullable": true
          },
          "ID": {
            "type": "integer",
            "format": "int32"
          },
          "parent": {
            "allOf": [
              {
                "$ref": "#/components/schemas/CatalogService.Genres-create"
              }
            ],
            "nullable": true
          },
          "parent_ID": {
            "type": "integer",
            "format": "int32",
            "nullable": true
          },
          "children": {
            "type": "array",
            "items": {
              "$ref": "#/components/schemas/CatalogService.Genres-create"
            }
          },
          "texts": {
            "type": "array",
            "items": {
              "$ref": "#/components/schemas/CatalogService.Genres_texts-create"
            }
          },
          "localized": {
            "allOf": [
              {
                "$ref": "#/components/schemas/CatalogService.Genres_texts-create"
              }
            ],
            "nullable": true
          }
        },
        "required": [
          "ID"
        ]
      },
      "CatalogService.Genres-update": {
        "title": "Genres (for update)",
        "type": "object",
        "properties": {
          "name": {
            "type": "string",
            "maxLength": 255,
            "nullable": true
          },
          "descr": {
            "type": "string",
            "maxLength": 1000,
            "nullable": true
          },
          "parent_ID": {
            "type": "integer",
            "format": "int32",
            "nullable": true
          }
        }
      },
      "CatalogService.Books_texts": {
        "title": "Books_texts",
        "type": "object",
        "properties": {
          "locale": {
            "type": "string",
            "maxLength": 14
          },
          "ID": {
            "type": "integer",
            "format": "int32"
          },
          "title": {
            "type": "string",
            "maxLength": 111,
            "nullable": true
          },
          "descr": {
            "type": "string",
            "maxLength": 1111,
            "nullable": true
          }
        }
      },
      "CatalogService.Books_texts-create": {
        "title": "Books_texts (for create)",
        "type": "object",
        "properties": {
          "locale": {
            "type": "string",
            "maxLength": 14
          },
          "ID": {
            "type": "integer",
            "format": "int32"
          },
          "title": {
            "type": "string",
            "maxLength": 111,
            "nullable": true
          },
          "descr": {
            "type": "string",
            "maxLength": 1111,
            "nullable": true
          }
        },
        "required": [
          "locale",
          "ID"
        ]
      },
      "CatalogService.Books_texts-update": {
        "title": "Books_texts (for update)",
        "type": "object",
        "properties": {
          "title": {
            "type": "string",
            "maxLength": 111,
            "nullable": true
          },
          "descr": {
            "type": "string",
            "maxLength": 1111,
            "nullable": true
          }
        }
      },
      "CatalogService.Currencies_texts": {
        "title": "Currencies_texts",
        "type": "object",
        "properties": {
          "locale": {
            "type": "string",
            "maxLength": 14
          },
          "name": {
            "type": "string",
            "maxLength": 255,
            "nullable": true
          },
          "descr": {
            "type": "string",
            "maxLength": 1000,
            "nullable": true
          },
          "code": {
            "type": "string",
            "maxLength": 3
          }
        }
      },
      "CatalogService.Currencies_texts-create": {
        "title": "Currencies_texts (for create)",
        "type": "object",
        "properties": {
          "locale": {
            "type": "string",
            "maxLength": 14
          },
          "name": {
            "type": "string",
            "maxLength": 255,
            "nullable": true
          },
          "descr": {
            "type": "string",
            "maxLength": 1000,
            "nullable": true
          },
          "code": {
            "type": "string",
            "maxLength": 3
          }
        },
        "required": [
          "locale",
          "code"
        ]
      },
      "CatalogService.Currencies_texts-update": {
        "title": "Currencies_texts (for update)",
        "type": "object",
        "properties": {
          "name": {
            "type": "string",
            "maxLength": 255,
            "nullable": true
          },
          "descr": {
            "type": "string",
            "maxLength": 1000,
            "nullable": true
          }
        }
      },
      "CatalogService.Genres_texts": {
        "title": "Genres_texts",
        "type": "object",
        "properties": {
          "locale": {
            "type": "string",
            "maxLength": 14
          },
          "name": {
            "type": "string",
            "maxLength": 255,
            "nullable": true
          },
          "descr": {
            "type": "string",
            "maxLength": 1000,
            "nullable": true
          },
          "ID": {
            "type": "integer",
            "format": "int32"
          }
        }
      },
      "CatalogService.Genres_texts-create": {
        "title": "Genres_texts (for create)",
        "type": "object",
        "properties": {
          "locale": {
            "type": "string",
            "maxLength": 14
          },
          "name": {
            "type": "string",
            "maxLength": 255,
            "nullable": true
          },
          "descr": {
            "type": "string",
            "maxLength": 1000,
            "nullable": true
          },
          "ID": {
            "type": "integer",
            "format": "int32"
          }
        },
        "required": [
          "locale",
          "ID"
        ]
      },
      "CatalogService.Genres_texts-update": {
        "title": "Genres_texts (for update)",
        "type": "object",
        "properties": {
          "name": {
            "type": "string",
            "maxLength": 255,
            "nullable": true
          },
          "descr": {
            "type": "string",
            "maxLength": 1000,
            "nullable": true
          }
        }
      },
      "count": {
        "anyOf": [
          {
            "type": "number"
          },
          {
            "type": "string"
          }
        ],
        "description": "The number of entities in the collection. Available when using the [$count](http://docs.oasis-open.org/odata/odata/v4.01/odata-v4.01-part1-protocol.html#sec_SystemQueryOptioncount) query option."
      },
      "error": {
        "type": "object",
        "required": [
          "error"
        ],
        "properties": {
          "error": {
            "type": "object",
            "required": [
              "code",
              "message"
            ],
            "properties": {
              "code": {
                "type": "string"
              },
              "message": {
                "type": "string"
              },
              "target": {
                "type": "string"
              },
              "details": {
                "type": "array",
                "items": {
                  "type": "object",
                  "required": [
                    "code",
                    "message"
                  ],
                  "properties": {
                    "code": {
                      "type": "string"
                    },
                    "message": {
                      "type": "string"
                    },
                    "target": {
                      "type": "string"
                    }
                  }
                }
              },
              "innererror": {
                "type": "object",
                "description": "The structure of this object is service-specific"
              }
            }
          }
        }
      }
    },
    "parameters": {
      "top": {
        "name": "$top",
        "in": "query",
        "description": "Show only the first n items, see [Paging - Top](http://docs.oasis-open.org/odata/odata/v4.01/odata-v4.01-part1-protocol.html#sec_SystemQueryOptiontop)",
        "schema": {
          "type": "integer",
          "minimum": 0
        },
        "example": 50
      },
      "skip": {
        "name": "$skip",
        "in": "query",
        "description": "Skip the first n items, see [Paging - Skip](http://docs.oasis-open.org/odata/odata/v4.01/odata-v4.01-part1-protocol.html#sec_SystemQueryOptionskip)",
        "schema": {
          "type": "integer",
          "minimum": 0
        }
      },
      "count": {
        "name": "$count",
        "in": "query",
        "description": "Include count of items, see [Count](http://docs.oasis-open.org/odata/odata/v4.01/odata-v4.01-part1-protocol.html#sec_SystemQueryOptioncount)",
        "schema": {
          "type": "boolean"
        }
      },
      "search": {
        "name": "$search",
        "in": "query",
        "description": "Search items by search phrases, see [Searching](http://docs.oasis-open.org/odata/odata/v4.01/odata-v4.01-part1-protocol.html#sec_SystemQueryOptionsearch)",
        "schema": {
          "type": "string"
        }
      }
    },
    "responses": {
      "error": {
        "description": "Error",
        "content": {
          "application/json": {
            "schema": {
              "$ref": "#/components/schemas/error"
            }
          }
        }
      }
    }
  }
}