ID;amount;parent_ID;book_ID;netAmount
3b66694c-4be3-4dde-a0ba-8e8a115f086c;1;7330e1ea-963b-4435-90b2-fbec235d4003;201;11.11
4cdf17b7-4a35-4dc0-a376-1db3ef20c4de;1;7330e1ea-963b-4435-90b2-fbec235d4003;271;15
68a10d9c-bd70-401a-9a0f-b8c44020cd56;2;c90514da-be1d-454a-bdf1-9e376617c822;252;28
69545374-e0db-4e9d-8ec3-5cde17006e3c;1;410ca97f-7828-4195-9107-0d6b7b5531fd;201;11.11
2a475290-777d-4e0d-8846-5c11a17d2be8;1;410ca97f-7828-4195-9107-0d6b7b5531fd;271;15
e82c4894-3481-4441-ba36-18fc916635de;2;9603cedb-bba0-4f78-bb34-f96b3a81ced9;252;28