ID;modifiedAt;createdAt;createdBy;modifiedBy;OrderNo;currency_code;customer;status;total
7330e1ea-963b-4435-90b2-fbec235d4003;2019-01-31;2019-01-31;fabien@booklover.com;fabien@booklover.com;1;EUR;1000175;open;481
c90514da-be1d-454a-bdf1-9e376617c822;2021-03-30;2021-03-30;jane.doe@author.com;jane.doe@author.com;2;USD;0010201;closed;688
9603cedb-bba0-4f78-bb34-f96b3a81ced9;2020-05-31;2020-05-31;david@cradle.com;david@cradle.com;3;USD;8991821;closed;481
410ca97f-7828-4195-9107-0d6b7b5531fd;2021-01-30;2021-01-30;powell@genesis.com;powell@genesis.com;4;EUR;9980000000;closed;284
9606584d-7fcd-4977-99a4-11adcdc14e54;2021-01-30;2021-01-30;powell@genesis.com;powell@genesis.com;4;EUR;9980000000;closed;88
e205546d-d855-48f8-99d9-0ae1b00cde89;2021-01-30;2021-01-30;powell@genesis.com;powell@genesis.com;4;EUR;9980000000;cancelled;930
595e4058-f5c7-4ff7-be09-77b66d426d21;2019-01-31;2019-01-31;fabien@booklover.com;fabien@booklover.com;1;EUR;1000175;open;100